cust_id,gender
3500,0.8
3501,0.0
3502,0.0
3503,0.4511627906976744
3504,0.4511627906976744
3505,0.23170731707317074
3506,0.0
3507,0.4511627906976744
3508,0.4511627906976744
3509,0.20967741935483872
3510,0.22772277227722773
3511,0.0
3512,0.3225806451612903
3513,0.0
3514,1.0
3515,0.0
3516,0.0
3517,0.23170731707317074
3518,0.4623115577889447
3519,0.0
3520,0.5
3521,0.23170731707317074
3522,0.6666666666666666
3523,0.03571428571428571
3524,0.23170731707317074
3525,0.0
3526,0.23170731707317074
3527,0.0
3528,0.6666666666666666
3529,0.4511627906976744
3530,0.2912912912912913
3531,0.0
3532,0.0
3533,0.0
3534,0.5128205128205128
3535,0.4511627906976744
3536,1.0
3537,0.5526315789473685
3538,0.5128205128205128
3539,0.4511627906976744
3540,0.2912912912912913
3541,0.0
3542,0.0
3543,1.0
3544,0.23170731707317074
3545,0.2912912912912913
3546,0.0
3547,0.03571428571428571
3548,0.5278810408921933
3549,0.2912912912912913
3550,0.4511627906976744
3551,0.5128205128205128
3552,0.20833333333333334
3553,0.8333333333333334
3554,0.23170731707317074
3555,0.0
3556,0.4511627906976744
3557,0.0
3558,0.2912912912912913
3559,0.0
3560,0.5278810408921933
3561,0.2912912912912913
3562,0.3380281690140845
3563,0.3225806451612903
3564,0.0
3565,0.32
3566,0.0
3567,0.6666666666666666
3568,0.0
3569,0.43478260869565216
3570,0.3225806451612903
3571,0.5526315789473685
3572,0.5278810408921933
3573,0.1111111111111111
3574,1.0
3575,0.0
3576,0.4511627906976744
3577,0.2912912912912913
3578,0.3380281690140845
3579,0.0
3580,0.6538461538461539
3581,1.0
3582,0.5278810408921933
3583,0.32
3584,0.4623115577889447
3585,0.0
3586,0.0
3587,0.22772277227722773
3588,0.20967741935483872
3589,1.0
3590,0.2912912912912913
3591,0.2912912912912913
3592,0.4511627906976744
3593,0.0
3594,0.3225806451612903
3595,0.5
3596,0.5526315789473685
3597,0.0
3598,0.2912912912912913
3599,0.5278810408921933
3600,0.1111111111111111
3601,0.0
3602,0.4623115577889447
3603,0.20967741935483872
3604,0.23170731707317074
3605,0.5278810408921933
3606,0.5
3607,0.0
3608,0.2912912912912913
3609,0.3380281690140845
3610,0.0
3611,0.5278810408921933
3612,0.6666666666666666
3613,0.3225806451612903
3614,1.0
3615,0.0
3616,0.4511627906976744
3617,1.0
3618,0.4511627906976744
3619,0.0
3620,0.3380281690140845
3621,0.5
3622,0.4623115577889447
3623,0.5128205128205128
3624,0.20967741935483872
3625,0.0
3626,0.23170731707317074
3627,0.4166666666666667
3628,0.5
3629,0.4511627906976744
3630,0.3380281690140845
3631,1.0
3632,0.2912912912912913
3633,1.0
3634,0.2912912912912913
3635,0.2912912912912913
3636,0.0
3637,0.2912912912912913
3638,0.0
3639,1.0
3640,0.4
3641,0.22772277227722773
3642,1.0
3643,0.2
3644,0.3380281690140845
3645,1.0
3646,0.23170731707317074
3647,0.4511627906976744
3648,0.5278810408921933
3649,0.4511627906976744
3650,0.0
3651,0.4623115577889447
3652,0.2912912912912913
3653,1.0
3654,0.4511627906976744
3655,0.0
3656,0.23170731707317074
3657,0.0
3658,0.4166666666666667
3659,0.0
3660,0.3225806451612903
3661,0.23170731707317074
3662,0.2912912912912913
3663,0.4511627906976744
3664,0.5278810408921933
3665,0.6538461538461539
3666,1.0
3667,0.03571428571428571
3668,0.0
3669,0.0
3670,0.4166666666666667
3671,0.75
3672,0.3225806451612903
3673,0.5
3674,0.5278810408921933
3675,1.0
3676,0.0
3677,0.0
3678,0.23170731707317074
3679,0.23170731707317074
3680,0.2912912912912913
3681,0.4511627906976744
3682,0.4511627906976744
3683,0.22772277227722773
3684,0.3333333333333333
3685,0.23170731707317074
3686,0.0
3687,0.0
3688,0.2912912912912913
3689,0.4511627906976744
3690,0.56
3691,0.0
3692,0.0
3693,0.2912912912912913
3694,0.18181818181818182
3695,1.0
3696,0.5
3697,0.5526315789473685
3698,0.03571428571428571
3699,0.0
3700,0.2912912912912913
3701,0.2912912912912913
3702,0.14285714285714285
3703,0.0
3704,0.6
3705,0.5278810408921933
3706,0.2912912912912913
3707,0.0
3708,0.2912912912912913
3709,0.22772277227722773
3710,0.22772277227722773
3711,0.2912912912912913
3712,0.6666666666666666
3713,0.0
3714,0.4623115577889447
3715,1.0
3716,0.4511627906976744
3717,0.5526315789473685
3718,0.0
3719,0.2912912912912913
3720,0.5
3721,0.5278810408921933
3722,0.22772277227722773
3723,1.0
3724,0.0
3725,0.4623115577889447
3726,0.4511627906976744
3727,0.4511627906976744
3728,0.5278810408921933
3729,0.5128205128205128
3730,0.0
3731,0.4511627906976744
3732,0.0
3733,1.0
3734,0.22772277227722773
3735,0.0
3736,0.0
3737,0.5
3738,0.2912912912912913
3739,1.0
3740,0.5128205128205128
3741,0.5278810408921933
3742,0.0
3743,0.22772277227722773
3744,0.20967741935483872
3745,0.2912912912912913
3746,0.4623115577889447
3747,0.22772277227722773
3748,0.22772277227722773
3749,0.6666666666666666
3750,0.23170731707317074
3751,0.4511627906976744
3752,0.3225806451612903
3753,0.0
3754,0.23170731707317074
3755,0.0
3756,0.6666666666666666
3757,1.0
3758,0.4623115577889447
3759,0.2912912912912913
3760,0.0
3761,0.4511627906976744
3762,0.3380281690140845
3763,0.03571428571428571
3764,0.5278810408921933
3765,0.0
3766,0.4511627906976744
3767,0.4623115577889447
3768,0.0
3769,0.22772277227722773
3770,0.5278810408921933
3771,0.2912912912912913
3772,0.5278810408921933
3773,0.23170731707317074
3774,0.3225806451612903
3775,0.4511627906976744
3776,1.0
3777,0.2912912912912913
3778,0.0
3779,1.0
3780,0.4511627906976744
3781,0.4623115577889447
3782,0.5278810408921933
3783,0.0
3784,0.4511627906976744
3785,1.0
3786,0.2912912912912913
3787,0.0
3788,0.4511627906976744
3789,0.3380281690140845
3790,0.3333333333333333
3791,0.20833333333333334
3792,0.5128205128205128
3793,0.6666666666666666
3794,0.2912912912912913
3795,0.4511627906976744
3796,0.0
3797,0.0
3798,0.0
3799,1.0
3800,0.22772277227722773
3801,0.0
3802,0.23170731707317074
3803,0.4166666666666667
3804,0.0
3805,0.5128205128205128
3806,0.4511627906976744
3807,0.0
3808,0.5128205128205128
3809,0.0
3810,0.8
3811,0.5128205128205128
3812,0.5
3813,0.4511627906976744
3814,0.0
3815,0.5128205128205128
3816,0.3380281690140845
3817,0.0
3818,0.4511627906976744
3819,0.3380281690140845
3820,0.8333333333333334
3821,0.0
3822,0.3380281690140845
3823,0.22772277227722773
3824,0.23170731707317074
3825,0.5128205128205128
3826,0.23170731707317074
3827,1.0
3828,0.0
3829,0.0
3830,1.0
3831,0.0
3832,0.2912912912912913
3833,0.0
3834,0.23170731707317074
3835,0.0
3836,0.03571428571428571
3837,0.22772277227722773
3838,0.6538461538461539
3839,1.0
3840,0.20833333333333334
3841,0.03571428571428571
3842,0.0
3843,0.20967741935483872
3844,0.4623115577889447
3845,0.0
3846,0.2912912912912913
3847,1.0
3848,0.2912912912912913
3849,0.5278810408921933
3850,0.2912912912912913
3851,0.20967741935483872
3852,1.0
3853,0.5278810408921933
3854,0.4642857142857143
3855,0.20967741935483872
3856,1.0
3857,0.4166666666666667
3858,0.2912912912912913
3859,0.4511627906976744
3860,1.0
3861,1.0
3862,0.2912912912912913
3863,0.0
3864,0.4511627906976744
3865,0.4511627906976744
3866,0.4511627906976744
3867,0.5278810408921933
3868,0.5278810408921933
3869,0.5
3870,0.03571428571428571
3871,1.0
3872,0.5128205128205128
3873,0.6538461538461539
3874,0.23170731707317074
3875,0.0
3876,0.1111111111111111
3877,0.0
3878,0.5
3879,1.0
3880,1.0
3881,0.03571428571428571
3882,0.3380281690140845
3883,0.23170731707317074
3884,0.2912912912912913
3885,0.6666666666666666
3886,0.5278810408921933
3887,0.2912912912912913
3888,0.2912912912912913
3889,0.2912912912912913
3890,0.5128205128205128
3891,0.0
3892,0.0
3893,0.0
3894,0.22772277227722773
3895,0.0
3896,0.3380281690140845
3897,0.3225806451612903
3898,0.6666666666666666
3899,0.2912912912912913
3900,0.6666666666666666
3901,0.2912912912912913
3902,0.3380281690140845
3903,0.23170731707317074
3904,0.2912912912912913
3905,0.20967741935483872
3906,0.0
3907,0.0
3908,0.23170731707317074
3909,0.5278810408921933
3910,1.0
3911,0.0
3912,0.5278810408921933
3913,0.4511627906976744
3914,0.2912912912912913
3915,0.4166666666666667
3916,0.3380281690140845
3917,0.4511627906976744
3918,0.5278810408921933
3919,0.22772277227722773
3920,1.0
3921,0.2912912912912913
3922,0.4623115577889447
3923,0.0
3924,0.4511627906976744
3925,0.2912912912912913
3926,0.2912912912912913
3927,0.0
3928,0.4511627906976744
3929,0.5128205128205128
3930,0.4511627906976744
3931,0.2912912912912913
3932,0.5128205128205128
3933,0.5128205128205128
3934,0.22772277227722773
3935,0.0
3936,0.4166666666666667
3937,0.18181818181818182
3938,1.0
3939,1.0
3940,0.5278810408921933
3941,0.4642857142857143
3942,0.0
3943,0.0
3944,0.0
3945,0.4623115577889447
3946,0.4511627906976744
3947,0.14285714285714285
3948,0.23170731707317074
3949,0.4623115577889447
3950,0.0
3951,1.0
3952,0.23170731707317074
3953,0.4623115577889447
3954,1.0
3955,0.4623115577889447
3956,0.0
3957,0.0
3958,0.4623115577889447
3959,0.0
3960,0.5278810408921933
3961,1.0
3962,0.5128205128205128
3963,0.2912912912912913
3964,0.0
3965,0.5278810408921933
3966,0.0
3967,0.2912912912912913
3968,0.6666666666666666
3969,0.2912912912912913
3970,0.3225806451612903
3971,0.22772277227722773
3972,0.4511627906976744
3973,1.0
3974,0.2912912912912913
3975,0.5278810408921933
3976,1.0
3977,1.0
3978,0.4511627906976744
3979,1.0
3980,0.5
3981,0.0
3982,0.23170731707317074
3983,0.4166666666666667
3984,0.2912912912912913
3985,0.14285714285714285
3986,0.0
3987,0.0
3988,0.0
3989,0.5278810408921933
3990,0.23170731707317074
3991,0.4511627906976744
3992,0.0
3993,0.3
3994,0.22772277227722773
3995,0.3380281690140845
3996,0.3380281690140845
3997,0.4166666666666667
3998,0.5278810408921933
3999,1.0
4000,0.4642857142857143
4001,1.0
4002,0.3380281690140845
4003,0.22772277227722773
4004,0.2912912912912913
4005,1.0
4006,0.4511627906976744
4007,0.5278810408921933
4008,0.8333333333333334
4009,0.2912912912912913
4010,0.0
4011,0.4511627906976744
4012,0.23170731707317074
4013,0.5
4014,0.0
4015,0.23170731707317074
4016,0.2912912912912913
4017,0.0
4018,0.5882352941176471
4019,0.5526315789473685
4020,0.22772277227722773
4021,0.4642857142857143
4022,0.4623115577889447
4023,0.20967741935483872
4024,0.4623115577889447
4025,0.0
4026,1.0
4027,0.5128205128205128
4028,0.0
4029,0.3
4030,0.0
4031,0.22772277227722773
4032,0.6538461538461539
4033,0.5278810408921933
4034,0.0
4035,1.0
4036,0.2912912912912913
4037,0.22772277227722773
4038,0.18181818181818182
4039,0.22772277227722773
4040,1.0
4041,0.4623115577889447
4042,0.2912912912912913
4043,0.0
4044,0.6538461538461539
4045,1.0
4046,0.3225806451612903
4047,0.0
4048,0.4511627906976744
4049,0.2912912912912913
4050,0.22772277227722773
4051,0.4511627906976744
4052,0.4166666666666667
4053,0.2912912912912913
4054,0.23170731707317074
4055,0.4
4056,0.4511627906976744
4057,0.2912912912912913
4058,0.5128205128205128
4059,1.0
4060,0.4623115577889447
4061,0.0
4062,0.5278810408921933
4063,0.2912912912912913
4064,0.4511627906976744
4065,0.0
4066,0.0
4067,0.14285714285714285
4068,0.0
4069,0.23170731707317074
4070,0.22772277227722773
4071,0.5526315789473685
4072,0.2
4073,0.0
4074,0.2912912912912913
4075,0.4511627906976744
4076,0.0
4077,0.20967741935483872
4078,0.4511627906976744
4079,1.0
4080,0.5128205128205128
4081,0.0
4082,0.2912912912912913
4083,0.43478260869565216
4084,0.5278810408921933
4085,0.0
4086,0.5278810408921933
4087,0.4623115577889447
4088,0.2912912912912913
4089,0.22772277227722773
4090,0.22772277227722773
4091,0.5128205128205128
4092,1.0
4093,0.5128205128205128
4094,0.23170731707317074
4095,0.0
4096,1.0
4097,0.5278810408921933
4098,0.2912912912912913
4099,0.5128205128205128
4100,0.5128205128205128
4101,0.5278810408921933
4102,0.0
4103,0.14285714285714285
4104,0.0
4105,0.6666666666666666
4106,0.0
4107,0.2912912912912913
4108,0.4642857142857143
4109,0.2912912912912913
4110,0.03571428571428571
4111,0.5278810408921933
4112,0.2912912912912913
4113,0.4511627906976744
4114,0.4623115577889447
4115,0.6666666666666666
4116,0.5278810408921933
4117,1.0
4118,0.0
4119,0.6538461538461539
4120,0.23170731707317074
4121,1.0
4122,0.4623115577889447
4123,0.23170731707317074
4124,1.0
4125,0.22772277227722773
4126,0.03571428571428571
4127,0.20967741935483872
4128,0.0
4129,0.0
4130,0.23170731707317074
4131,0.4623115577889447
4132,0.5
4133,0.3225806451612903
4134,0.4623115577889447
4135,0.3225806451612903
4136,0.6666666666666666
4137,0.0
4138,0.3225806451612903
4139,0.1111111111111111
4140,0.5128205128205128
4141,0.0
4142,0.22772277227722773
4143,0.0
4144,1.0
4145,1.0
4146,0.2912912912912913
4147,0.4511627906976744
4148,0.0
4149,0.4511627906976744
4150,0.5
4151,0.5128205128205128
4152,0.4623115577889447
4153,0.5278810408921933
4154,0.2912912912912913
4155,0.3380281690140845
4156,0.18181818181818182
4157,0.2912912912912913
4158,1.0
4159,0.0
4160,0.6666666666666666
4161,0.0
4162,0.5128205128205128
4163,0.23170731707317074
4164,0.5278810408921933
4165,0.4623115577889447
4166,0.4642857142857143
4167,1.0
4168,0.4511627906976744
4169,0.3225806451612903
4170,0.0
4171,0.4511627906976744
4172,0.0
4173,0.5526315789473685
4174,0.5278810408921933
4175,0.2912912912912913
4176,0.4623115577889447
4177,0.22772277227722773
4178,0.23170731707317074
4179,0.22772277227722773
4180,0.2912912912912913
4181,0.0
4182,0.5526315789473685
4183,0.22772277227722773
4184,0.03571428571428571
4185,0.0
4186,1.0
4187,0.8125
4188,0.5278810408921933
4189,0.6666666666666666
4190,0.0
4191,0.2912912912912913
4192,0.5278810408921933
4193,0.4511627906976744
4194,0.4623115577889447
4195,0.75
4196,0.5278810408921933
4197,0.5882352941176471
4198,0.23170731707317074
4199,0.2912912912912913
4200,0.23170731707317074
4201,0.5128205128205128
4202,0.22772277227722773
4203,0.4511627906976744
4204,1.0
4205,0.3
4206,0.0
4207,0.0
4208,0.3380281690140845
4209,0.5278810408921933
4210,1.0
4211,0.4623115577889447
4212,0.43478260869565216
4213,0.2912912912912913
4214,0.3
4215,0.3225806451612903
4216,0.56
4217,0.22772277227722773
4218,0.25
4219,0.5278810408921933
4220,0.6666666666666666
4221,0.23170731707317074
4222,0.5278810408921933
4223,0.22772277227722773
4224,0.22772277227722773
4225,0.3225806451612903
4226,0.5278810408921933
4227,0.4511627906976744
4228,0.5
4229,0.23170731707317074
4230,0.4511627906976744
4231,0.2912912912912913
4232,0.0
4233,0.0
4234,0.3380281690140845
4235,0.4511627906976744
4236,0.3225806451612903
4237,0.6538461538461539
4238,0.3333333333333333
4239,0.0
4240,0.22772277227722773
4241,0.0
4242,0.0
4243,0.22772277227722773
4244,0.5526315789473685
4245,0.2912912912912913
4246,1.0
4247,0.5278810408921933
4248,0.3225806451612903
4249,0.4511627906976744
4250,0.25
4251,0.4511627906976744
4252,0.0
4253,0.0
4254,0.23170731707317074
4255,0.22772277227722773
4256,0.0
4257,0.4511627906976744
4258,0.5278810408921933
4259,1.0
4260,0.75
4261,0.14285714285714285
4262,0.0
4263,0.0
4264,0.4511627906976744
4265,0.22772277227722773
4266,1.0
4267,0.4166666666666667
4268,0.0
4269,0.0
4270,0.4642857142857143
4271,0.5
4272,0.0
4273,1.0
4274,0.6666666666666666
4275,0.0
4276,0.4511627906976744
4277,0.43478260869565216
4278,0.0
4279,0.4623115577889447
4280,0.4511627906976744
4281,0.2912912912912913
4282,0.0
4283,0.5278810408921933
4284,0.5278810408921933
4285,1.0
4286,0.5526315789473685
4287,0.4511627906976744
4288,0.2912912912912913
4289,0.5128205128205128
4290,0.22772277227722773
4291,0.0
4292,1.0
4293,0.4511627906976744
4294,0.3
4295,0.03571428571428571
4296,0.5278810408921933
4297,0.2912912912912913
4298,0.22772277227722773
4299,0.5278810408921933
4300,1.0
4301,0.4166666666666667
4302,0.0
4303,0.0
4304,0.23170731707317074
4305,0.5278810408921933
4306,0.0
4307,0.22772277227722773
4308,0.2912912912912913
4309,0.03571428571428571
4310,0.2912912912912913
4311,1.0
4312,0.4623115577889447
4313,0.5128205128205128
4314,0.4166666666666667
4315,0.4511627906976744
4316,0.4623115577889447
4317,0.0
4318,0.0
4319,0.5128205128205128
4320,0.23170731707317074
4321,0.2912912912912913
4322,0.2912912912912913
4323,0.2912912912912913
4324,0.5
4325,0.4623115577889447
4326,0.4623115577889447
4327,0.5278810408921933
4328,0.22772277227722773
4329,0.4642857142857143
4330,0.2912912912912913
4331,1.0
4332,0.4511627906976744
4333,0.4511627906976744
4334,0.2912912912912913
4335,0.20833333333333334
4336,0.6666666666666666
4337,0.4623115577889447
4338,0.5278810408921933
4339,0.0
4340,0.0
4341,0.4511627906976744
4342,0.5278810408921933
4343,0.0
4344,0.4623115577889447
4345,0.22772277227722773
4346,0.22772277227722773
4347,0.23170731707317074
4348,1.0
4349,1.0
4350,0.0
4351,0.22772277227722773
4352,0.4511627906976744
4353,0.23170731707317074
4354,0.5
4355,0.23170731707317074
4356,0.4511627906976744
4357,0.23170731707317074
4358,0.4511627906976744
4359,0.5128205128205128
4360,1.0
4361,0.5278810408921933
4362,0.0
4363,0.4623115577889447
4364,0.0
4365,0.2912912912912913
4366,0.0
4367,0.4623115577889447
4368,0.0
4369,0.8333333333333334
4370,0.2912912912912913
4371,0.4623115577889447
4372,0.5128205128205128
4373,0.4511627906976744
4374,0.0
4375,0.5278810408921933
4376,0.3333333333333333
4377,0.3225806451612903
4378,0.2912912912912913
4379,0.5
4380,0.4623115577889447
4381,0.0
4382,0.2912912912912913
4383,0.4511627906976744
4384,0.2
4385,0.1111111111111111
4386,0.2912912912912913
4387,0.4511627906976744
4388,0.4511627906976744
4389,0.5128205128205128
4390,0.0
4391,0.3333333333333333
4392,0.5128205128205128
4393,0.2
4394,0.0
4395,0.23170731707317074
4396,0.23170731707317074
4397,0.20967741935483872
4398,0.4511627906976744
4399,1.0
4400,0.2912912912912913
4401,0.4642857142857143
4402,0.32
4403,0.20967741935483872
4404,0.23170731707317074
4405,0.5128205128205128
4406,0.1111111111111111
4407,0.3380281690140845
4408,0.4623115577889447
4409,0.56
4410,0.4511627906976744
4411,0.0
4412,0.22772277227722773
4413,0.3225806451612903
4414,0.4511627906976744
4415,0.20967741935483872
4416,0.4511627906976744
4417,0.0
4418,0.2912912912912913
4419,0.22772277227722773
4420,0.3225806451612903
4421,0.2912912912912913
4422,0.4511627906976744
4423,0.4511627906976744
4424,1.0
4425,0.3225806451612903
4426,1.0
4427,0.0
4428,0.4511627906976744
4429,0.5278810408921933
4430,0.0
4431,0.43478260869565216
4432,0.4511627906976744
4433,0.22772277227722773
4434,0.0
4435,0.43478260869565216
4436,0.14285714285714285
4437,0.2912912912912913
4438,0.0
4439,0.5128205128205128
4440,0.0
4441,0.0
4442,0.0
4443,0.22772277227722773
4444,0.4511627906976744
4445,0.4511627906976744
4446,0.0
4447,0.5128205128205128
4448,0.0
4449,0.3225806451612903
4450,0.22772277227722773
4451,1.0
4452,0.5128205128205128
4453,0.2912912912912913
4454,1.0
4455,0.0
4456,0.20967741935483872
4457,0.22772277227722773
4458,0.1111111111111111
4459,0.20967741935483872
4460,0.5
4461,0.0
4462,0.4511627906976744
4463,0.4511627906976744
4464,0.14285714285714285
4465,0.2912912912912913
4466,0.4511627906976744
4467,0.2912912912912913
4468,1.0
4469,0.4623115577889447
4470,0.14285714285714285
4471,0.5526315789473685
4472,1.0
4473,0.6666666666666666
4474,0.0
4475,0.5278810408921933
4476,0.14285714285714285
4477,0.22772277227722773
4478,1.0
4479,0.0
4480,0.2912912912912913
4481,0.22772277227722773
4482,0.0
4483,0.20967741935483872
4484,0.4511627906976744
4485,0.0
4486,0.0
4487,0.23170731707317074
4488,0.3225806451612903
4489,0.0
4490,0.25
4491,0.0
4492,0.4511627906976744
4493,1.0
4494,0.0
4495,0.2912912912912913
4496,0.2912912912912913
4497,1.0
4498,0.4623115577889447
4499,0.0
4500,1.0
4501,0.0
4502,0.0
4503,0.4623115577889447
4504,0.2912912912912913
4505,0.4511627906976744
4506,0.2912912912912913
4507,0.14285714285714285
4508,0.23170731707317074
4509,0.5
4510,0.22772277227722773
4511,0.4511627906976744
4512,1.0
4513,0.23170731707317074
4514,1.0
4515,0.0
4516,0.2912912912912913
4517,1.0
4518,0.8333333333333334
4519,0.5278810408921933
4520,0.4511627906976744
4521,0.4623115577889447
4522,0.0
4523,1.0
4524,0.6666666666666666
4525,0.4511627906976744
4526,0.23170731707317074
4527,0.0
4528,0.5128205128205128
4529,0.2912912912912913
4530,0.4511627906976744
4531,0.6538461538461539
4532,0.4511627906976744
4533,0.4511627906976744
4534,0.6666666666666666
4535,0.22772277227722773
4536,0.32
4537,0.2912912912912913
4538,0.2912912912912913
4539,0.4511627906976744
4540,0.23170731707317074
4541,0.23170731707317074
4542,0.4511627906976744
4543,0.2912912912912913
4544,0.3225806451612903
4545,0.5278810408921933
4546,0.4166666666666667
4547,0.2912912912912913
4548,0.23170731707317074
4549,0.5
4550,0.0625
4551,0.4511627906976744
4552,0.5
4553,0.4511627906976744
4554,0.4511627906976744
4555,0.2912912912912913
4556,0.4511627906976744
4557,0.4642857142857143
4558,0.4623115577889447
4559,0.25
4560,0.23170731707317074
4561,0.0
4562,0.1111111111111111
4563,0.4511627906976744
4564,0.0
4565,0.4511627906976744
4566,0.0
4567,0.4511627906976744
4568,0.5278810408921933
4569,0.5526315789473685
4570,0.0
4571,0.5
4572,0.18181818181818182
4573,1.0
4574,0.5128205128205128
4575,0.5128205128205128
4576,0.32
4577,0.5278810408921933
4578,0.4642857142857143
4579,0.0
4580,0.3225806451612903
4581,0.5278810408921933
4582,0.0
4583,1.0
4584,0.22772277227722773
4585,0.5278810408921933
4586,0.4623115577889447
4587,0.5278810408921933
4588,0.5278810408921933
4589,0.14285714285714285
4590,0.4623115577889447
4591,0.3333333333333333
4592,0.0
4593,0.5128205128205128
4594,0.2912912912912913
4595,0.2912912912912913
4596,0.4623115577889447
4597,0.5278810408921933
4598,0.4511627906976744
4599,1.0
4600,0.4623115577889447
4601,0.4511627906976744
4602,0.0
4603,0.22772277227722773
4604,0.4511627906976744
4605,0.23170731707317074
4606,0.0
4607,0.3225806451612903
4608,0.2912912912912913
4609,0.6666666666666666
4610,0.4623115577889447
4611,0.5
4612,1.0
4613,0.5
4614,0.5
4615,0.43478260869565216
4616,0.0
4617,0.4642857142857143
4618,0.3225806451612903
4619,0.6538461538461539
4620,0.4511627906976744
4621,0.4511627906976744
4622,1.0
4623,0.5882352941176471
4624,0.5
4625,0.32
4626,0.6666666666666666
4627,0.6538461538461539
4628,0.4511627906976744
4629,0.8333333333333334
4630,1.0
4631,0.43478260869565216
4632,0.22772277227722773
4633,0.22772277227722773
4634,0.0
4635,1.0
4636,0.5128205128205128
4637,0.3380281690140845
4638,0.0
4639,0.22772277227722773
4640,0.3380281690140845
4641,1.0
4642,0.22772277227722773
4643,0.22772277227722773
4644,0.23170731707317074
4645,0.4511627906976744
4646,0.22772277227722773
4647,0.5128205128205128
4648,0.4511627906976744
4649,0.6538461538461539
4650,0.23170731707317074
4651,0.0
4652,0.0
4653,0.23170731707317074
4654,0.23170731707317074
4655,0.0
4656,0.23170731707317074
4657,1.0
4658,0.23170731707317074
4659,0.4511627906976744
4660,0.2912912912912913
4661,0.5128205128205128
4662,0.0
4663,0.5882352941176471
4664,0.22772277227722773
4665,0.75
4666,0.20967741935483872
4667,0.0
4668,0.23170731707317074
4669,0.4623115577889447
4670,1.0
4671,0.22772277227722773
4672,0.22772277227722773
4673,0.0
4674,0.23170731707317074
4675,0.4511627906976744
4676,0.2912912912912913
4677,0.0
4678,0.0
4679,0.5278810408921933
4680,0.3225806451612903
4681,0.0
4682,0.0
4683,0.0
4684,0.5128205128205128
4685,0.0
4686,0.0
4687,0.0
4688,1.0
4689,0.22772277227722773
4690,0.0
4691,0.4511627906976744
4692,0.20967741935483872
4693,0.0
4694,1.0
4695,0.2912912912912913
4696,0.2912912912912913
4697,0.56
4698,0.4511627906976744
4699,0.2912912912912913
4700,0.1111111111111111
4701,0.3225806451612903
4702,0.22772277227722773
4703,0.03571428571428571
4704,0.5128205128205128
4705,0.5278810408921933
4706,0.2912912912912913
4707,0.6666666666666666
4708,0.0
4709,0.5278810408921933
4710,0.3380281690140845
4711,0.0
4712,0.5278810408921933
4713,0.6538461538461539
4714,0.5278810408921933
4715,0.4623115577889447
4716,0.3225806451612903
4717,0.0
4718,0.5278810408921933
4719,0.6666666666666666
4720,0.4511627906976744
4721,0.4511627906976744
4722,0.18181818181818182
4723,0.4623115577889447
4724,0.8333333333333334
4725,0.6666666666666666
4726,0.4511627906976744
4727,0.22772277227722773
4728,0.22772277227722773
4729,0.3380281690140845
4730,0.4511627906976744
4731,0.4511627906976744
4732,0.5128205128205128
4733,0.0
4734,1.0
4735,0.22772277227722773
4736,0.20833333333333334
4737,0.4623115577889447
4738,0.25
4739,0.4511627906976744
4740,0.03571428571428571
4741,0.4623115577889447
4742,0.2912912912912913
4743,0.6666666666666666
4744,0.2912912912912913
4745,0.4511627906976744
4746,0.6538461538461539
4747,0.0
4748,0.5278810408921933
4749,0.22772277227722773
4750,0.4623115577889447
4751,0.0
4752,0.5278810408921933
4753,0.0
4754,0.4642857142857143
4755,1.0
4756,0.5526315789473685
4757,0.0
4758,1.0
4759,1.0
4760,0.2912912912912913
4761,0.5278810408921933
4762,0.4623115577889447
4763,1.0
4764,0.2912912912912913
4765,0.0625
4766,0.5
4767,1.0
4768,0.2912912912912913
4769,0.23170731707317074
4770,0.4642857142857143
4771,0.6666666666666666
4772,0.4511627906976744
4773,0.3225806451612903
4774,0.0
4775,0.4511627906976744
4776,1.0
4777,0.0
4778,0.4511627906976744
4779,0.22772277227722773
4780,0.0
4781,0.5128205128205128
4782,1.0
4783,0.2912912912912913
4784,1.0
4785,0.20967741935483872
4786,0.4623115577889447
4787,0.4511627906976744
4788,0.2912912912912913
4789,0.5278810408921933
4790,0.4511627906976744
4791,0.0625
4792,0.6666666666666666
4793,0.75
4794,0.0
4795,0.03571428571428571
4796,0.25
4797,0.32
4798,0.23170731707317074
4799,0.4166666666666667
4800,0.4511627906976744
4801,0.4511627906976744
4802,0.0
4803,0.2912912912912913
4804,0.23170731707317074
4805,0.0
4806,0.0
4807,1.0
4808,0.1111111111111111
4809,1.0
4810,0.0
4811,0.2912912912912913
4812,0.23170731707317074
4813,0.0
4814,0.4166666666666667
4815,0.6666666666666666
4816,0.2912912912912913
4817,0.0
4818,0.6666666666666666
4819,0.4623115577889447
4820,0.22772277227722773
4821,0.5526315789473685
4822,0.3380281690140845
4823,0.22772277227722773
4824,0.8333333333333334
4825,0.1111111111111111
4826,0.0
4827,0.4166666666666667
4828,0.0
4829,0.8333333333333334
4830,0.22772277227722773
4831,0.20967741935483872
4832,0.0
4833,0.0
4834,0.4511627906976744
4835,0.4511627906976744
4836,1.0
4837,0.4642857142857143
4838,0.5278810408921933
4839,0.2912912912912913
4840,0.5278810408921933
4841,0.5278810408921933
4842,0.2912912912912913
4843,0.4623115577889447
4844,0.4511627906976744
4845,0.5278810408921933
4846,0.3380281690140845
4847,0.6666666666666666
4848,0.4511627906976744
4849,0.22772277227722773
4850,0.4511627906976744
4851,0.23170731707317074
4852,1.0
4853,1.0
4854,0.4511627906976744
4855,0.4511627906976744
4856,0.3380281690140845
4857,0.22772277227722773
4858,0.5128205128205128
4859,0.2912912912912913
4860,0.4511627906976744
4861,0.5526315789473685
4862,0.5278810408921933
4863,0.2912912912912913
4864,0.4511627906976744
4865,0.3
4866,0.22772277227722773
4867,1.0
4868,0.14285714285714285
4869,0.0
4870,0.22772277227722773
4871,0.5128205128205128
4872,0.20833333333333334
4873,0.2912912912912913
4874,1.0
4875,0.5526315789473685
4876,1.0
4877,1.0
4878,0.4511627906976744
4879,0.43478260869565216
4880,0.0
4881,0.4623115577889447
4882,0.5128205128205128
4883,0.4511627906976744
4884,0.4511627906976744
4885,0.23170731707317074
4886,0.3225806451612903
4887,0.22772277227722773
4888,0.4511627906976744
4889,0.03571428571428571
4890,0.4511627906976744
4891,0.0
4892,0.5526315789473685
4893,0.5278810408921933
4894,0.1111111111111111
4895,0.0
4896,0.4511627906976744
4897,1.0
4898,0.22772277227722773
4899,0.4166666666666667
4900,0.23170731707317074
4901,0.4511627906976744
4902,0.5128205128205128
4903,0.2912912912912913
4904,0.4623115577889447
4905,0.0
4906,0.5278810408921933
4907,0.0
4908,0.0
4909,0.4623115577889447
4910,0.4166666666666667
4911,0.4511627906976744
4912,1.0
4913,1.0
4914,1.0
4915,0.0
4916,0.23170731707317074
4917,1.0
4918,0.4511627906976744
4919,0.5128205128205128
4920,0.6666666666666666
4921,0.5278810408921933
4922,0.5128205128205128
4923,0.1111111111111111
4924,0.0
4925,0.23170731707317074
4926,0.5278810408921933
4927,0.0
4928,0.0
4929,0.0
4930,0.0
4931,0.2912912912912913
4932,0.0
4933,1.0
4934,1.0
4935,0.4642857142857143
4936,0.03571428571428571
4937,0.2912912912912913
4938,0.20833333333333334
4939,0.5
4940,0.5278810408921933
4941,0.4623115577889447
4942,0.25
4943,0.4511627906976744
4944,0.3380281690140845
4945,0.4511627906976744
4946,0.5128205128205128
4947,0.0
4948,1.0
4949,0.0
4950,0.0
4951,0.4623115577889447
4952,0.3333333333333333
4953,0.22772277227722773
4954,0.4623115577889447
4955,0.75
4956,0.4511627906976744
4957,0.23170731707317074
4958,0.4511627906976744
4959,0.4511627906976744
4960,0.0
4961,0.0
4962,0.0
4963,0.0
4964,0.23170731707317074
4965,0.4511627906976744
4966,1.0
4967,0.4511627906976744
4968,0.22772277227722773
4969,1.0
4970,0.22772277227722773
4971,0.4623115577889447
4972,0.22772277227722773
4973,0.5128205128205128
4974,0.4511627906976744
4975,0.23170731707317074
4976,0.2912912912912913
4977,0.0
4978,0.3225806451612903
4979,1.0
4980,0.0
4981,0.4166666666666667
4982,0.23170731707317074
4983,0.0
4984,0.4511627906976744
4985,0.4623115577889447
4986,1.0
4987,0.5128205128205128
4988,0.3225806451612903
4989,0.5278810408921933
4990,1.0
4991,0.5526315789473685
4992,0.4511627906976744
4993,0.0
4994,0.5128205128205128
4995,0.0
4996,0.22772277227722773
4997,0.4511627906976744
4998,0.4623115577889447
4999,0.0
5000,0.23170731707317074
5001,0.5128205128205128
5002,0.2912912912912913
5003,0.23170731707317074
5004,1.0
5005,0.2
5006,0.4511627906976744
5007,0.5278810408921933
5008,0.4511627906976744
5009,1.0
5010,0.0
5011,1.0
5012,0.2912912912912913
5013,0.6666666666666666
5014,0.22772277227722773
5015,0.0
5016,1.0
5017,0.0
5018,0.4166666666666667
5019,0.3225806451612903
5020,0.5128205128205128
5021,0.22772277227722773
5022,1.0
5023,0.5128205128205128
5024,0.0
5025,0.4511627906976744
5026,0.4511627906976744
5027,0.0
5028,0.22772277227722773
5029,0.5128205128205128
5030,0.32
5031,0.20833333333333334
5032,0.5278810408921933
5033,0.4623115577889447
5034,0.4511627906976744
5035,0.2912912912912913
5036,0.4623115577889447
5037,0.0
5038,0.20967741935483872
5039,0.3225806451612903
5040,1.0
5041,0.0
5042,0.0
5043,0.0
5044,0.5278810408921933
5045,0.43478260869565216
5046,0.22772277227722773
5047,0.0
5048,0.4623115577889447
5049,0.6666666666666666
5050,0.23170731707317074
5051,0.2912912912912913
5052,0.6538461538461539
5053,0.5278810408921933
5054,0.0
5055,0.6666666666666666
5056,0.4623115577889447
5057,0.22772277227722773
5058,0.3380281690140845
5059,0.8333333333333334
5060,0.5
5061,0.4166666666666667
5062,0.0
5063,0.6666666666666666
5064,0.5
5065,1.0
5066,0.1111111111111111
5067,0.2912912912912913
5068,0.22772277227722773
5069,0.0
5070,0.4166666666666667
5071,1.0
5072,1.0
5073,0.5278810408921933
5074,0.20967741935483872
5075,0.3225806451612903
5076,0.4511627906976744
5077,0.5
5078,0.2912912912912913
5079,0.5128205128205128
5080,0.0
5081,0.4623115577889447
5082,0.23170731707317074
5083,0.0
5084,0.0
5085,0.4623115577889447
5086,0.3225806451612903
5087,0.23170731707317074
5088,0.5278810408921933
5089,1.0
5090,0.0
5091,0.5128205128205128
5092,1.0
5093,0.3225806451612903
5094,0.6538461538461539
5095,0.0
5096,0.0
5097,0.5882352941176471
5098,0.4623115577889447
5099,0.22772277227722773
5100,0.20967741935483872
5101,0.8125
5102,0.0
5103,0.0
5104,0.2912912912912913
5105,1.0
5106,0.6666666666666666
5107,0.3333333333333333
5108,0.43478260869565216
5109,1.0
5110,1.0
5111,0.5278810408921933
5112,0.2912912912912913
5113,0.4623115577889447
5114,0.3225806451612903
5115,0.5278810408921933
5116,0.0
5117,0.2912912912912913
5118,0.4166666666666667
5119,0.0
5120,0.6666666666666666
5121,0.1111111111111111
5122,0.0
5123,0.4511627906976744
5124,0.5278810408921933
5125,0.0
5126,0.0
5127,0.4623115577889447
5128,0.4511627906976744
5129,0.22772277227722773
5130,0.0
5131,0.0625
5132,0.0
5133,0.8333333333333334
5134,0.0
5135,0.0
5136,0.0
5137,0.4511627906976744
5138,0.2912912912912913
5139,0.23170731707317074
5140,0.4623115577889447
5141,0.4623115577889447
5142,0.4511627906976744
5143,0.0
5144,0.5
5145,0.2912912912912913
5146,1.0
5147,0.4623115577889447
5148,0.75
5149,0.5278810408921933
5150,0.0
5151,0.0
5152,0.6666666666666666
5153,0.5
5154,0.4511627906976744
5155,0.2912912912912913
5156,1.0
5157,0.4511627906976744
5158,0.4166666666666667
5159,0.4511627906976744
5160,0.0
5161,0.4166666666666667
5162,0.5278810408921933
5163,1.0
5164,0.23170731707317074
5165,0.4511627906976744
5166,0.5526315789473685
5167,0.18181818181818182
5168,0.0
5169,1.0
5170,1.0
5171,0.32
5172,0.22772277227722773
5173,0.5128205128205128
5174,0.5278810408921933
5175,0.6666666666666666
5176,0.20967741935483872
5177,0.0
5178,1.0
5179,0.5128205128205128
5180,0.3225806451612903
5181,0.6666666666666666
5182,0.23170731707317074
5183,0.20967741935483872
5184,0.2912912912912913
5185,0.03571428571428571
5186,0.43478260869565216
5187,0.3380281690140845
5188,0.4623115577889447
5189,0.5278810408921933
5190,0.20967741935483872
5191,0.2912912912912913
5192,0.0
5193,0.0
5194,0.4623115577889447
5195,0.0
5196,0.56
5197,0.0
5198,0.4623115577889447
5199,1.0
5200,0.0
5201,0.3380281690140845
5202,0.20967741935483872
5203,0.0
5204,0.23170731707317074
5205,0.23170731707317074
5206,0.0625
5207,0.2912912912912913
5208,0.6666666666666666
5209,1.0
5210,0.0
5211,1.0
5212,0.2912912912912913
5213,0.2912912912912913
5214,0.4511627906976744
5215,0.4511627906976744
5216,0.0
5217,0.4623115577889447
5218,0.0
5219,0.4511627906976744
5220,0.5278810408921933
5221,0.5128205128205128
5222,0.43478260869565216
5223,0.2912912912912913
5224,1.0
5225,0.4511627906976744
5226,0.5128205128205128
5227,0.0
5228,0.23170731707317074
5229,1.0
5230,1.0
5231,0.4511627906976744
5232,0.5278810408921933
5233,0.5278810408921933
5234,0.23170731707317074
5235,0.5278810408921933
5236,0.0
5237,0.1111111111111111
5238,0.5128205128205128
5239,0.14285714285714285
5240,0.22772277227722773
5241,0.4511627906976744
5242,0.4511627906976744
5243,0.32
5244,0.03571428571428571
5245,0.2912912912912913
5246,0.0
5247,0.0
5248,1.0
5249,0.0
5250,0.5278810408921933
5251,0.1111111111111111
5252,0.0
5253,0.3225806451612903
5254,0.5
5255,0.2912912912912913
5256,0.2912912912912913
5257,0.4511627906976744
5258,0.5128205128205128
5259,0.3380281690140845
5260,0.20967741935483872
5261,0.4623115577889447
5262,0.1111111111111111
5263,0.0
5264,0.0
5265,0.4642857142857143
5266,0.23170731707317074
5267,0.0
5268,0.4623115577889447
5269,0.0
5270,0.5
5271,0.5882352941176471
5272,0.4511627906976744
5273,0.4511627906976744
5274,0.03571428571428571
5275,0.4511627906976744
5276,1.0
5277,0.0
5278,0.22772277227722773
5279,0.4511627906976744
5280,0.4511627906976744
5281,0.4642857142857143
5282,0.2912912912912913
5283,0.0
5284,0.2912912912912913
5285,0.0
5286,0.5128205128205128
5287,0.5278810408921933
5288,0.23170731707317074
5289,0.0
5290,0.0
5291,0.2912912912912913
5292,0.0
5293,0.4511627906976744
5294,1.0
5295,0.0
5296,0.23170731707317074
5297,0.5128205128205128
5298,0.20967741935483872
5299,0.0
5300,0.0
5301,0.23170731707317074
5302,0.0
5303,0.5128205128205128
5304,0.4511627906976744
5305,0.23170731707317074
5306,0.2912912912912913
5307,0.0
5308,0.3380281690140845
5309,0.5
5310,0.0
5311,0.0
5312,0.0
5313,0.2912912912912913
5314,0.0
5315,0.0
5316,0.32
5317,1.0
5318,0.5128205128205128
5319,0.5
5320,0.22772277227722773
5321,0.5278810408921933
5322,0.03571428571428571
5323,0.5128205128205128
5324,0.4623115577889447
5325,1.0
5326,0.2912912912912913
5327,0.4623115577889447
5328,0.22772277227722773
5329,0.4511627906976744
5330,0.3380281690140845
5331,0.4166666666666667
5332,0.2912912912912913
5333,0.2912912912912913
5334,0.5128205128205128
5335,0.3225806451612903
5336,1.0
5337,0.5
5338,0.0
5339,0.3225806451612903
5340,0.22772277227722773
5341,0.20967741935483872
5342,0.5
5343,0.0
5344,0.5278810408921933
5345,0.2912912912912913
5346,0.0
5347,0.4511627906976744
5348,0.0
5349,0.23170731707317074
5350,0.2912912912912913
5351,0.2912912912912913
5352,0.5
5353,0.4623115577889447
5354,1.0
5355,1.0
5356,0.4511627906976744
5357,0.6538461538461539
5358,0.0
5359,0.14285714285714285
5360,0.0
5361,0.3380281690140845
5362,0.5
5363,0.6666666666666666
5364,0.8333333333333334
5365,0.4623115577889447
5366,0.43478260869565216
5367,1.0
5368,0.0
5369,0.0
5370,0.2912912912912913
5371,0.4623115577889447
5372,0.4623115577889447
5373,0.0
5374,0.4166666666666667
5375,0.0
5376,1.0
5377,0.5128205128205128
5378,0.4642857142857143
5379,0.0
5380,1.0
5381,0.3380281690140845
5382,0.4166666666666667
5383,0.0
5384,0.4623115577889447
5385,1.0
5386,0.20833333333333334
5387,0.0
5388,0.3380281690140845
5389,0.5128205128205128
5390,1.0
5391,0.1111111111111111
5392,0.4511627906976744
5393,0.20967741935483872
5394,0.23170731707317074
5395,0.4623115577889447
5396,0.4511627906976744
5397,0.0
5398,0.8125
5399,0.22772277227722773
5400,0.4166666666666667
5401,0.5278810408921933
5402,1.0
5403,0.0
5404,0.0
5405,0.0
5406,0.23170731707317074
5407,0.0
5408,1.0
5409,1.0
5410,0.5278810408921933
5411,0.5278810408921933
5412,0.4511627906976744
5413,1.0
5414,0.8125
5415,0.0
5416,0.5128205128205128
5417,0.4511627906976744
5418,1.0
5419,0.22772277227722773
5420,0.0
5421,0.22772277227722773
5422,0.3225806451612903
5423,0.2912912912912913
5424,1.0
5425,0.20967741935483872
5426,0.0
5427,0.5128205128205128
5428,0.2912912912912913
5429,0.0
5430,0.0
5431,0.0
5432,0.22772277227722773
5433,0.4511627906976744
5434,0.0
5435,0.0
5436,0.0
5437,1.0
5438,0.4511627906976744
5439,0.5278810408921933
5440,0.5
5441,0.22772277227722773
5442,0.5278810408921933
5443,0.4166666666666667
5444,0.3
5445,0.0
5446,0.2912912912912913
5447,0.0
5448,0.5128205128205128
5449,0.5
5450,0.5278810408921933
5451,0.22772277227722773
5452,1.0
5453,0.4511627906976744
5454,0.3225806451612903
5455,0.0
5456,0.5278810408921933
5457,0.0
5458,0.4511627906976744
5459,0.4511627906976744
5460,0.0
5461,0.0
5462,0.0
5463,1.0
5464,0.4166666666666667
5465,1.0
5466,0.0
5467,0.0
5468,0.0
5469,0.4623115577889447
5470,0.2912912912912913
5471,0.23170731707317074
5472,0.0
5473,0.23170731707317074
5474,0.0
5475,0.4166666666666667
5476,0.0625
5477,0.0
5478,0.4642857142857143
5479,0.14285714285714285
5480,0.0
5481,1.0
5482,1.0
5483,0.3225806451612903
5484,0.5
5485,0.5
5486,0.4166666666666667
5487,0.22772277227722773
5488,0.5
5489,0.2912912912912913
5490,0.4623115577889447
5491,0.2912912912912913
5492,0.1111111111111111
5493,0.14285714285714285
5494,0.2912912912912913
5495,0.4511627906976744
5496,0.6666666666666666
5497,0.5526315789473685
5498,0.20967741935483872
5499,0.4623115577889447
5500,1.0
5501,0.5278810408921933
5502,0.5128205128205128
5503,0.22772277227722773
5504,0.22772277227722773
5505,0.14285714285714285
5506,0.32
5507,0.5
5508,1.0
5509,0.3380281690140845
5510,0.22772277227722773
5511,0.4511627906976744
5512,1.0
5513,0.5128205128205128
5514,0.3225806451612903
5515,0.0
5516,0.22772277227722773
5517,0.4623115577889447
5518,0.5278810408921933
5519,0.5278810408921933
5520,0.0
5521,0.22772277227722773
5522,0.6666666666666666
5523,0.0
5524,0.3380281690140845
5525,0.4511627906976744
5526,0.0
5527,0.0
5528,0.0
5529,0.2912912912912913
5530,0.3225806451612903
5531,0.2912912912912913
5532,0.2912912912912913
5533,0.5526315789473685
5534,0.22772277227722773
5535,0.22772277227722773
5536,0.5
5537,0.2912912912912913
5538,0.4511627906976744
5539,0.5278810408921933
5540,0.5128205128205128
5541,0.4511627906976744
5542,0.4511627906976744
5543,0.0
5544,0.23170731707317074
5545,0.32
5546,0.0
5547,0.0
5548,0.22772277227722773
5549,0.0
5550,0.20967741935483872
5551,0.32
5552,0.23170731707317074
5553,0.4511627906976744
5554,0.23170731707317074
5555,0.14285714285714285
5556,0.3225806451612903
5557,0.4511627906976744
5558,0.23170731707317074
5559,0.4511627906976744
5560,0.20967741935483872
5561,0.56
5562,0.4511627906976744
5563,0.0
5564,0.4623115577889447
5565,0.2912912912912913
5566,0.23170731707317074
5567,0.22772277227722773
5568,0.2912912912912913
5569,0.2912912912912913
5570,1.0
5571,0.4623115577889447
5572,0.2912912912912913
5573,0.5128205128205128
5574,0.1111111111111111
5575,0.2912912912912913
5576,0.22772277227722773
5577,0.0
5578,0.2912912912912913
5579,0.6666666666666666
5580,0.5278810408921933
5581,0.0
5582,1.0
5583,0.0
5584,0.4623115577889447
5585,0.5278810408921933
5586,0.5
5587,0.4511627906976744
5588,0.2912912912912913
5589,1.0
5590,0.5526315789473685
5591,1.0
5592,0.5
5593,0.23170731707317074
5594,0.0
5595,0.4642857142857143
5596,0.0
5597,0.4511627906976744
5598,0.18181818181818182
5599,0.0
5600,0.5278810408921933
5601,0.4511627906976744
5602,0.4166666666666667
5603,0.6666666666666666
5604,0.4511627906976744
5605,0.5278810408921933
5606,0.6666666666666666
5607,0.0
5608,1.0
5609,0.6666666666666666
5610,0.0
5611,0.2
5612,1.0
5613,0.22772277227722773
5614,0.5278810408921933
5615,0.2912912912912913
5616,0.5128205128205128
5617,0.0
5618,0.2912912912912913
5619,0.43478260869565216
5620,0.4511627906976744
5621,0.2912912912912913
5622,0.5526315789473685
5623,0.4166666666666667
5624,0.3225806451612903
5625,0.5
5626,0.2912912912912913
5627,0.22772277227722773
5628,0.4511627906976744
5629,0.3380281690140845
5630,0.4623115577889447
5631,0.3380281690140845
5632,0.5882352941176471
5633,0.3225806451612903
5634,1.0
5635,0.2912912912912913
5636,0.4511627906976744
5637,0.3225806451612903
5638,0.4623115577889447
5639,0.22772277227722773
5640,0.5128205128205128
5641,0.4511627906976744
5642,0.2912912912912913
5643,0.4166666666666667
5644,1.0
5645,0.2912912912912913
5646,0.4623115577889447
5647,1.0
5648,0.3333333333333333
5649,0.5
5650,0.03571428571428571
5651,0.2912912912912913
5652,0.4623115577889447
5653,0.4511627906976744
5654,0.5
5655,0.5128205128205128
5656,0.0
5657,0.25
5658,0.0
5659,0.6666666666666666
5660,0.0
5661,0.23170731707317074
5662,0.23170731707317074
5663,0.5278810408921933
5664,0.0
5665,0.2912912912912913
5666,0.4511627906976744
5667,1.0
5668,1.0
5669,0.22772277227722773
5670,0.0
5671,0.4511627906976744
5672,0.0
5673,0.22772277227722773
5674,0.4623115577889447
5675,0.3225806451612903
5676,0.8125
5677,0.3225806451612903
5678,0.5278810408921933
5679,0.4623115577889447
5680,0.2912912912912913
5681,0.3380281690140845
5682,0.03571428571428571
5683,0.0
5684,0.5278810408921933
5685,0.2912912912912913
5686,0.0
5687,0.5128205128205128
5688,0.5128205128205128
5689,0.5128205128205128
5690,1.0
5691,0.2912912912912913
5692,0.6666666666666666
5693,0.23170731707317074
5694,0.3225806451612903
5695,0.4623115577889447
5696,0.4511627906976744
5697,0.0
5698,1.0
5699,0.20833333333333334
5700,0.5278810408921933
5701,0.5
5702,0.4623115577889447
5703,0.2912912912912913
5704,0.0
5705,0.2912912912912913
5706,0.5278810408921933
5707,0.32
5708,0.4511627906976744
5709,0.5278810408921933
5710,0.0
5711,0.4511627906976744
5712,0.20967741935483872
5713,0.20833333333333334
5714,0.0
5715,0.5128205128205128
5716,0.0
5717,0.0
5718,0.0
5719,0.6666666666666666
5720,0.0
5721,0.4511627906976744
5722,0.22772277227722773
5723,0.0
5724,0.0
5725,0.2912912912912913
5726,0.22772277227722773
5727,0.03571428571428571
5728,0.14285714285714285
5729,0.4166666666666667
5730,0.2912912912912913
5731,0.2912912912912913
5732,0.6666666666666666
5733,1.0
5734,1.0
5735,0.20967741935483872
5736,0.4623115577889447
5737,0.5128205128205128
5738,0.3225806451612903
5739,0.0
5740,0.0
5741,0.3
5742,0.4511627906976744
5743,0.2912912912912913
5744,0.0
5745,0.5
5746,0.2912912912912913
5747,0.20967741935483872
5748,0.0
5749,0.20967741935483872
5750,0.2912912912912913
5751,1.0
5752,0.23170731707317074
5753,0.3380281690140845
5754,0.5278810408921933
5755,0.0
5756,0.2912912912912913
5757,0.5128205128205128
5758,0.0625
5759,0.4511627906976744
5760,0.25
5761,0.8125
5762,1.0
5763,0.0625
5764,0.3380281690140845
5765,0.3380281690140845
5766,0.0
5767,0.22772277227722773
5768,0.3225806451612903
5769,0.6666666666666666
5770,1.0
5771,0.5128205128205128
5772,0.2912912912912913
5773,0.22772277227722773
5774,0.5278810408921933
5775,0.4511627906976744
5776,0.8333333333333334
5777,0.5278810408921933
5778,0.5278810408921933
5779,0.5278810408921933
5780,0.4511627906976744
5781,0.23170731707317074
5782,0.5278810408921933
5783,0.4166666666666667
5784,0.22772277227722773
5785,0.0
5786,0.4511627906976744
5787,0.4511627906976744
5788,0.5
5789,0.0
5790,0.03571428571428571
5791,0.3225806451612903
5792,0.4623115577889447
5793,0.0
5794,0.0
5795,0.0
5796,0.2912912912912913
5797,0.4511627906976744
5798,1.0
5799,0.6666666666666666
5800,0.22772277227722773
5801,0.0
5802,0.4511627906976744
5803,0.03571428571428571
5804,0.4511627906976744
5805,0.4511627906976744
5806,0.5
5807,0.5278810408921933
5808,0.3225806451612903
5809,0.2912912912912913
5810,0.2912912912912913
5811,0.0
5812,0.5
5813,0.2912912912912913
5814,0.5278810408921933
5815,0.5882352941176471
5816,0.22772277227722773
5817,0.4511627906976744
5818,0.4511627906976744
5819,0.4511627906976744
5820,1.0
5821,0.0
5822,0.6666666666666666
5823,0.22772277227722773
5824,0.4642857142857143
5825,0.20967741935483872
5826,0.5128205128205128
5827,0.5
5828,0.3380281690140845
5829,0.0
5830,1.0
5831,0.5
5832,0.14285714285714285
5833,0.25
5834,0.4642857142857143
5835,0.0
5836,1.0
5837,0.4511627906976744
5838,0.6666666666666666
5839,0.0
5840,0.6666666666666666
5841,1.0
5842,0.0
5843,0.5128205128205128
5844,0.22772277227722773
5845,0.4623115577889447
5846,0.2912912912912913
5847,0.0
5848,0.5278810408921933
5849,0.0
5850,0.22772277227722773
5851,0.5
5852,0.0
5853,0.23170731707317074
5854,0.22772277227722773
5855,0.5128205128205128
5856,0.25
5857,1.0
5858,0.22772277227722773
5859,0.4623115577889447
5860,0.0
5861,0.03571428571428571
5862,0.0
5863,0.22772277227722773
5864,1.0
5865,0.23170731707317074
5866,0.5
5867,0.4166666666666667
5868,0.4623115577889447
5869,0.5128205128205128
5870,0.23170731707317074
5871,0.5128205128205128
5872,0.0
5873,0.0
5874,0.0
5875,0.0
5876,0.5128205128205128
5877,0.4511627906976744
5878,0.5526315789473685
5879,0.43478260869565216
5880,1.0
5881,0.0
5882,0.23170731707317074
5883,0.3333333333333333
5884,0.0
5885,0.2912912912912913
5886,1.0
5887,0.0
5888,1.0
5889,1.0
5890,0.4511627906976744
5891,1.0
5892,0.4511627906976744
5893,0.2912912912912913
5894,0.4623115577889447
5895,0.4511627906976744
5896,0.4623115577889447
5897,0.23170731707317074
5898,0.0
5899,0.22772277227722773
5900,0.0
5901,0.3380281690140845
5902,0.3380281690140845
5903,0.2912912912912913
5904,0.4166666666666667
5905,0.0
5906,1.0
5907,0.4623115577889447
5908,0.4511627906976744
5909,0.2912912912912913
5910,0.23170731707317074
5911,0.2912912912912913
5912,0.0
5913,0.4511627906976744
5914,0.2912912912912913
5915,0.4511627906976744
5916,0.4623115577889447
5917,0.5278810408921933
5918,0.5278810408921933
5919,0.5278810408921933
5920,0.03571428571428571
5921,0.22772277227722773
5922,0.5278810408921933
5923,0.4511627906976744
5924,0.5278810408921933
5925,0.22772277227722773
5926,0.0
5927,0.4511627906976744
5928,0.0
5929,0.14285714285714285
5930,0.4511627906976744
5931,0.2912912912912913
5932,0.4511627906976744
5933,0.0
5934,0.0
5935,0.2912912912912913
5936,0.22772277227722773
5937,0.0
5938,1.0
5939,0.4623115577889447
5940,0.23170731707317074
5941,0.2912912912912913
5942,0.2912912912912913
5943,0.5128205128205128
5944,0.0
5945,0.0
5946,0.03571428571428571
5947,0.0
5948,0.5278810408921933
5949,0.2912912912912913
5950,0.4623115577889447
5951,0.5128205128205128
5952,0.0
5953,0.2912912912912913
5954,0.23170731707317074
5955,0.4511627906976744
5956,0.3380281690140845
5957,0.4511627906976744
5958,0.2912912912912913
5959,0.23170731707317074
5960,0.5128205128205128
5961,0.2912912912912913
5962,0.6666666666666666
5963,0.4166666666666667
5964,0.0
5965,0.0
5966,1.0
5967,0.4511627906976744
5968,0.6666666666666666
5969,0.5128205128205128
5970,0.3380281690140845
5971,0.5278810408921933
5972,0.0
5973,0.23170731707317074
5974,0.5278810408921933
5975,1.0
5976,0.2912912912912913
5977,0.4623115577889447
5978,0.4511627906976744
5979,0.56
5980,0.0
5981,0.5128205128205128
